<?xml version="1.0" encoding="UTF-8"?>
<project-private xmlns="http://www.netbeans.org/ns/project-private/1">
    <editor-bookmarks xmlns="http://www.netbeans.org/ns/editor-bookmarks/2" lastBookmarkId="0"/>
    <open-files xmlns="http://www.netbeans.org/ns/projectui-open-files/2">
        <group>
            <file>file:/C:/Users/TIUNIDA29/Downloads/IMAM%20TI%203%20%7B%20NITIP%20%7D/LinkedList_Uts/src/linkedlist_uts/Search.java</file>
            <file>file:/C:/Users/TIUNIDA29/Downloads/IMAM%20TI%203%20%7B%20NITIP%20%7D/LinkedList_Uts/src/linkedlist_uts/LinkedList_Uts.java</file>
            <file>file:/C:/Users/TIUNIDA29/Downloads/IMAM%20TI%203%20%7B%20NITIP%20%7D/LinkedList_Uts/src/linkedlist_uts/RemoveList.java</file>
            <file>file:/C:/Users/TIUNIDA29/Downloads/IMAM%20TI%203%20%7B%20NITIP%20%7D/LinkedList_Uts/src/linkedlist_uts/AddList.java</file>
        </group>
    </open-files>
</project-private>
