<?xml version="1.0" encoding="UTF-8"?>
<project-private xmlns="http://www.netbeans.org/ns/project-private/1">
    <editor-bookmarks xmlns="http://www.netbeans.org/ns/editor-bookmarks/2" lastBookmarkId="0"/>
    <open-files xmlns="http://www.netbeans.org/ns/projectui-open-files/2">
        <group>
            <file>file:/C:/Users/TIUNIDA29/Downloads/IMAM%20TI%203%20%7B%20NITIP%20%7D/LinkedList_GUI/src/linkedlist_GUI/REMOVE.java</file>
            <file>file:/C:/Users/TIUNIDA29/Downloads/IMAM%20TI%203%20%7B%20NITIP%20%7D/LinkedList_GUI/src/linkedlist_GUI/ADD.java</file>
            <file>file:/C:/Users/TIUNIDA29/Downloads/IMAM%20TI%203%20%7B%20NITIP%20%7D/LinkedList_GUI/src/linkedlist_GUI/HOME.java</file>
            <file>file:/C:/Users/TIUNIDA29/Downloads/IMAM%20TI%203%20%7B%20NITIP%20%7D/LinkedList_GUI/src/linkedlist_GUI/SEARCH.java</file>
        </group>
    </open-files>
</project-private>
